[{
  "_id": {
    "$oid": "5fa983bb38f7d234d88c4366"
  },
  "id": "1",
  "cat": "food",
  "name": "Milk",
  "price": 6,
  "image": "https://cdn.pixabay.com/photo/2017/07/05/15/41/milk-2474993_150.jpg",
  "date_time": {
    "$date": "1990-01-01T00:00:00Z"
  }
},{
  "_id": {
    "$oid": "5fa983bb38f7d234d88c4367"
  },
  "id": "2",
  "cat": "food",
  "name": "Bread",
  "price": 8,
  "image": "https://cdn.pixabay.com/photo/2014/07/22/09/59/bread-399286_150.jpg"
},{
  "_id": {
    "$oid": "5fa983bb38f7d234d88c4368"
  },
  "id": "4",
  "cat": "food",
  "name": "Eggs",
  "price": 12,
  "image": "https://cdn.pixabay.com/photo/2015/09/17/17/19/egg-944495_150.jpg"
},{
  "_id": {
    "$oid": "5fa983bb38f7d234d88c4369"
  },
  "id": "3",
  "cat": "clothing",
  "name": "Coat",
  "price": 120,
  "image": "https://cdn.pixabay.com/photo/2015/05/29/19/19/person-789663_150.jpg"
},{
  "_id": {
    "$oid": "5fa983bb38f7d234d88c436a"
  },
  "id": "5",
  "cat": "clothing",
  "name": "Dress",
  "price": 4000,
  "image": "https://cdn.pixabay.com/photo/2016/06/29/04/17/wedding-dresses-1485984_150.jpg"
},{
  "_id": {
    "$oid": "5fa983bb38f7d234d88c436b"
  },
  "id": "6",
  "cat": "clothing",
  "name": "Shirt",
  "price": 70,
  "image": "https://cdn.pixabay.com/photo/2014/08/05/10/31/waiting-410328_150.jpg"
},{
  "_id": {
    "$oid": "5fa983bb38f7d234d88c436c"
  },
  "id": "7",
  "cat": "animals",
  "name": "Dog food",
  "price": 70,
  "image": "https://cdn.pixabay.com/photo/2017/04/07/10/53/dog-2210717_150.jpg"
},{
  "_id": {
    "$oid": "5fa983bb38f7d234d88c436d"
  },
  "id": "8",
  "cat": "animals",
  "name": "Cat toy",
  "price": 50,
  "image": "https://cdn.pixabay.com/photo/2018/07/21/09/17/cat-3552143_150.jpg"
},{
  "_id": {
    "$oid": "5fad76f747022d3bbcfa9466"
  },
  "cat": "food",
  "name": "Popcorn",
  "price": 5,
  "image": "https://images.pexels.com/photos/33129/popcorn-movie-party-entertainment.jpg?auto=compress&cs=tinysrgb&dpr=1&w=500",
  "date_time": {
    "$date": "2020-11-12T17:55:03.682Z"
  }
},{
  "_id": {
    "$oid": "5fad7fcd07107f4b6463eb0e"
  },
  "cat": "food",
  "name": "Spagiti66",
  "price": 6,
  "image": "https://images.pexels.com/photos/33129/popcorn-movie-party-entertainment.jpg?auto=compress&cs=tinysrgb&dpr=1&w=500",
  "date_time": {
    "$date": "2020-11-12T18:32:45.766Z"
  }
},{
  "_id": {
    "$oid": "5fb2a809549dd51fe0716a3d"
  },
  "date_time": {
    "$date": "2020-11-16T16:23:42.655Z"
  },
  "cat": "food",
  "name": "falafel",
  "price": 15,
  "image": "https://images.pexels.com/photos/33129/popcorn-movie-party-entertainment.jpg?auto=compress&cs=tinysrgb&dpr=1&w=500"
}]